Code,Note
QR-0001,Sample code 1
QR-0002,Sample code 2
QR-0003,Sample code 3
QR-0004,Sample code 4
QR-0005,Sample code 5
QR-0006,Sample code 6
QR-0007,Sample code 7
QR-0008,Sample code 8
QR-0009,Sample code 9
QR-0010,Sample code 10
QR-0011,Sample code 11
QR-0012,Sample code 12
QR-0013,Sample code 13
QR-0014,Sample code 14
QR-0015,Sample code 15
QR-0016,Sample code 16
QR-0017,Sample code 17
QR-0018,Sample code 18
QR-0019,Sample code 19
QR-0020,Sample code 20
QR-0021,Sample code 21
QR-0022,Sample code 22
QR-0023,Sample code 23
QR-0024,Sample code 24
QR-0025,Sample code 25
QR-0026,Sample code 26
QR-0027,Sample code 27
QR-0028,Sample code 28
QR-0029,Sample code 29
QR-0030,Sample code 30
QR-0031,Sample code 31
QR-0032,Sample code 32
QR-0033,Sample code 33
QR-0034,Sample code 34
QR-0035,Sample code 35
QR-0036,Sample code 36
QR-0037,Sample code 37
QR-0038,Sample code 38
QR-0039,Sample code 39
QR-0040,Sample code 40
QR-0041,Sample code 41
QR-0042,Sample code 42
QR-0043,Sample code 43
QR-0044,Sample code 44
QR-0045,Sample code 45
QR-0046,Sample code 46
QR-0047,Sample code 47
QR-0048,Sample code 48
QR-0049,Sample code 49
QR-0050,Sample code 50
QR-0051,Sample code 51
QR-0052,Sample code 52
QR-0053,Sample code 53
QR-0054,Sample code 54
QR-0055,Sample code 55
QR-0056,Sample code 56
QR-0057,Sample code 57
QR-0058,Sample code 58
QR-0059,Sample code 59
QR-0060,Sample code 60
QR-0061,Sample code 61
QR-0062,Sample code 62
QR-0063,Sample code 63
QR-0064,Sample code 64
QR-0065,Sample code 65
QR-0066,Sample code 66
QR-0067,Sample code 67
QR-0068,Sample code 68
QR-0069,Sample code 69
QR-0070,Sample code 70
QR-0071,Sample code 71
QR-0072,Sample code 72
QR-0073,Sample code 73
QR-0074,Sample code 74
QR-0075,Sample code 75
QR-0076,Sample code 76
QR-0077,Sample code 77
QR-0078,Sample code 78
QR-0079,Sample code 79
QR-0080,Sample code 80
QR-0081,Sample code 81
QR-0082,Sample code 82
QR-0083,Sample code 83
QR-0084,Sample code 84
QR-0085,Sample code 85
QR-0086,Sample code 86
QR-0087,Sample code 87
QR-0088,Sample code 88
QR-0089,Sample code 89
QR-0090,Sample code 90
QR-0091,Sample code 91
QR-0092,Sample code 92
QR-0093,Sample code 93
QR-0094,Sample code 94
QR-0095,Sample code 95
QR-0096,Sample code 96
QR-0097,Sample code 97
QR-0098,Sample code 98
QR-0099,Sample code 99
QR-0100,Sample code 100
